sf,distance_m,seq,temp_c,rssi_dbm,snr_db,pdr_pct,bat_pct
7,50,0,30.77,-56,11,100.0,95
7,50,1,30.11,-55,12,100.0,95
7,50,2,31.93,-53,11,100.0,95
7,50,3,16.93,-66,12,100.0,95
7,50,4,24.33,-73,12,100.0,95
7,50,5,23.7,-75,12,100.0,95
7,50,6,23.17,-67,11,100.0,95
7,50,7,19.31,-69,11,100.0,95
7,50,8,23.39,-66,11,100.0,95
7,50,9,34.96,-68,11,100.0,95
7,50,10,31.32,-67,9,100.0,95
7,50,11,22.4,-71,13,100.0,95
7,50,12,19.04,-72,12,100.0,95
7,50,13,18.2,-74,12,100.0,95
7,50,14,15.41,-68,12,100.0,95
7,50,15,20.46,-76,12,100.0,95
7,50,16,26.33,-89,8,100.0,95
7,50,17,17.12,-76,12,100.0,95
7,50,18,28.37,-73,12,100.0,95
7,50,19,23.38,-75,12,100.0,95
7,50,20,22.71,-70,12,100.0,95
7,50,21,34.17,-70,11,100.0,95
7,50,22,28.11,-88,11,100.0,95
7,50,23,16.6,-86,10,100.0,95
7,50,24,33.19,-79,13,100.0,95
7,50,25,33.59,-73,11,100.0,95
7,50,26,35.99,-74,12,100.0,95
7,50,27,19.14,-70,12,100.0,95
7,50,28,17.67,-70,11,100.0,95
7,50,29,35.4,-84,12,100.0,95
7,100,0,22.58,-87,10,96.7,95
7,100,1,20.91,-82,12,96.7,95
7,100,2,23.03,-90,9,96.7,95
7,100,3,20.57,-79,13,96.7,95
7,100,4,33.92,-79,12,96.7,95
7,100,5,15.54,-83,11,96.7,95
7,100,6,21.28,-81,11,96.7,95
7,100,7,16.73,-80,12,96.7,95
7,100,8,34.37,-85,12,96.7,95
7,100,9,32.18,-90,8,96.7,95
7,100,10,15.0,-86,11,96.7,95
7,100,11,19.07,-78,11,96.7,95
7,100,12,27.68,-87,10,96.7,95
7,100,14,24.81,-85,10,96.7,95
7,100,15,23.29,-86,11,96.7,95
7,100,16,22.06,-83,12,96.7,95
7,100,17,17.44,-78,11,96.7,95
7,100,18,17.28,-91,7,96.7,95
7,100,19,34.11,-88,11,96.7,95
7,100,20,18.48,-83,12,96.7,95
7,100,21,35.11,-88,11,96.7,95
7,100,22,26.6,-83,12,96.7,95
7,100,23,26.68,-88,11,96.7,95
7,100,24,28.95,-84,12,96.7,95
7,100,25,25.74,-91,9,96.7,95
7,100,26,31.41,-89,9,96.7,95
7,100,27,32.8,-88,10,96.7,95
7,100,28,30.19,-94,7,96.7,95
7,100,29,31.3,-85,11,96.7,95
7,300,0,19.7,-100,3,100.0,95
7,300,1,20.77,-92,9,100.0,95
7,300,2,19.26,-93,9,100.0,95
7,300,3,35.66,-95,9,100.0,95
7,300,4,33.21,-94,8,100.0,95
7,300,5,15.75,-100,2,100.0,95
7,300,6,24.77,-94,8,100.0,95
7,300,7,31.09,-94,9,100.0,95
7,300,8,27.39,-92,9,100.0,95
7,300,9,31.42,-94,8,100.0,95
7,300,10,28.64,-91,10,100.0,95
7,300,11,15.77,-94,9,100.0,95
7,300,12,23.04,-96,7,100.0,95
7,300,13,23.43,-95,8,100.0,95
7,300,14,16.27,-94,8,100.0,95
7,300,15,29.74,-95,7,100.0,95
7,300,16,17.05,-94,8,100.0,95
7,300,17,31.51,-95,8,100.0,95
7,300,18,15.15,-96,7,100.0,95
7,300,19,23.24,-95,7,100.0,95
7,300,20,24.75,-94,9,100.0,95
7,300,21,23.12,-93,8,100.0,95
7,300,22,27.44,-95,8,100.0,95
7,300,23,28.79,-96,7,100.0,95
7,300,24,32.53,-95,8,100.0,95
7,300,25,25.03,-94,7,100.0,95
7,300,26,25.98,-94,8,100.0,95
7,300,27,21.55,-94,9,100.0,95
7,300,28,16.29,-95,8,100.0,95
7,300,29,24.21,-94,9,100.0,95
7,600,0,29.8,-103,-1,66.7,95
7,600,1,17.89,-101,1,66.7,95
7,600,2,32.5,-100,2,66.7,95
7,600,3,21.95,-101,0,66.7,95
7,600,4,25.92,-103,-8,66.7,95
7,600,5,20.43,-103,-8,66.7,95
7,600,6,15.51,-103,-7,66.7,95
7,600,7,25.93,-104,-10,66.7,95
7,600,11,30.12,-104,-9,66.7,95
7,600,12,34.84,-103,-10,66.7,95
7,600,14,19.56,-104,-9,66.7,95
7,600,16,35.0,-103,-4,66.7,95
7,600,17,32.16,-104,-9,66.7,95
7,600,18,29.49,-103,-5,66.7,95
7,600,21,25.0,-104,-9,66.7,95
7,600,25,19.36,-103,-7,66.7,95
7,600,26,16.83,-104,-8,66.7,95
7,600,27,22.39,-103,-4,66.7,95
7,600,28,35.86,-103,-3,66.7,95
7,600,29,31.52,-103,-7,66.7,95
9,50,0,34.43,-74,9,100.0,95
9,50,1,15.01,-77,10,100.0,95
9,50,2,24.74,-80,10,100.0,95
9,50,3,29.25,-79,9,100.0,95
9,50,4,18.63,-70,10,100.0,95
9,50,5,19.62,-66,9,100.0,95
9,50,6,32.72,-68,10,100.0,95
9,50,7,20.76,-65,9,100.0,95
9,50,8,18.38,-66,9,100.0,95
9,50,9,20.33,-67,10,100.0,95
9,50,10,30.92,-67,10,100.0,95
9,50,11,18.0,-67,9,100.0,95
9,50,12,31.12,-67,9,100.0,95
9,50,13,27.1,-70,9,100.0,95
9,50,14,17.37,-76,9,100.0,95
9,50,15,19.13,-77,10,100.0,95
9,50,16,16.44,-69,10,100.0,95
9,50,17,17.28,-71,8,100.0,95
9,50,18,22.82,-70,10,100.0,95
9,50,19,28.74,-72,9,100.0,95
9,50,20,23.34,-71,9,100.0,95
9,50,21,21.4,-75,10,100.0,95
9,50,22,16.85,-74,9,100.0,95
9,50,23,21.64,-73,9,100.0,95
9,50,24,31.07,-73,9,100.0,95
9,50,25,19.16,-73,10,100.0,95
9,50,26,23.2,-75,10,100.0,95
9,50,27,23.23,-75,10,100.0,95
9,50,28,34.43,-77,10,100.0,95
9,50,29,33.35,-78,9,100.0,95
9,100,0,22.58,-86,8,100.0,95
9,100,1,20.91,-84,9,100.0,95
9,100,2,23.03,-88,9,100.0,95
9,100,3,20.57,-92,6,100.0,95
9,100,4,33.92,-85,9,100.0,95
9,100,5,15.54,-84,9,100.0,95
9,100,6,21.28,-84,9,100.0,95
9,100,7,16.73,-92,6,100.0,95
9,100,8,34.37,-87,8,100.0,95
9,100,9,32.18,-89,8,100.0,95
9,100,10,15.0,-91,7,100.0,95
9,100,11,19.07,-86,9,100.0,95
9,100,12,27.68,-95,6,100.0,95
9,100,13,20.49,-90,8,100.0,95
9,100,14,24.81,-92,7,100.0,95
9,100,15,23.29,-88,9,100.0,95
9,100,16,22.06,-90,8,100.0,95
9,100,17,17.44,-90,8,100.0,95
9,100,18,17.28,-87,7,100.0,95
9,100,19,34.11,-93,7,100.0,95
9,100,20,18.48,-90,8,100.0,95
9,100,21,35.11,-87,8,100.0,95
9,100,22,26.6,-91,7,100.0,95
9,100,23,26.68,-88,8,100.0,95
9,100,24,28.95,-87,9,100.0,95
9,100,25,25.74,-84,9,100.0,95
9,100,26,31.41,-85,9,100.0,95
9,100,27,32.8,-84,10,100.0,95
9,100,28,30.19,-83,10,100.0,95
9,100,29,31.3,-83,10,100.0,95
9,300,0,23.36,-92,8,100.0,95
9,300,1,21.19,-94,8,100.0,95
9,300,2,33.07,-94,7,100.0,95
9,300,3,26.98,-95,7,100.0,95
9,300,4,22.03,-90,8,100.0,95
9,300,5,32.67,-90,8,100.0,95
9,300,6,34.33,-92,8,100.0,95
9,300,7,32.54,-94,7,100.0,95
9,300,8,22.38,-91,8,100.0,95
9,300,9,22.27,-92,8,100.0,95
9,300,10,28.24,-92,8,100.0,95
9,300,11,16.85,-93,7,100.0,95
9,300,12,35.12,-94,7,100.0,95
9,300,13,32.33,-95,6,100.0,95
9,300,14,23.72,-95,7,100.0,95
9,300,15,28.41,-102,0,100.0,95
9,300,16,28.16,-95,5,100.0,95
9,300,17,31.67,-93,8,100.0,95
9,300,18,30.6,-92,8,100.0,95
9,300,19,28.61,-92,7,100.0,95
9,300,20,19.89,-86,9,100.0,95
9,300,21,31.35,-84,10,100.0,95
9,300,22,16.18,-98,4,100.0,95
9,300,23,33.83,-101,1,100.0,95
9,300,24,30.4,-97,5,100.0,95
9,300,25,26.12,-96,6,100.0,95
9,300,26,34.19,-97,6,100.0,95
9,300,27,31.12,-99,4,100.0,95
9,300,28,33.05,-95,6,100.0,95
9,300,29,22.16,-99,3,100.0,95
9,600,2,32.5,-104,-10,71.4,95
9,600,4,25.92,-102,-2,71.4,95
9,600,5,20.43,-104,-9,71.4,95
9,600,8,22.88,-104,-6,71.4,95
9,600,9,25.87,-104,-7,71.4,95
9,600,10,27.04,-102,-3,71.4,95
9,600,11,30.12,-105,-11,71.4,95
9,600,12,34.84,-104,-9,71.4,95
9,600,13,22.53,-104,-11,71.4,95
9,600,14,19.56,-99,2,71.4,95
9,600,15,24.44,-100,1,71.4,95
9,600,16,35.0,-103,-7,71.4,95
9,600,17,32.16,-103,-7,71.4,95
9,600,18,29.49,-104,-10,71.4,95
9,600,19,18.23,-104,-13,71.4,95
9,600,21,25.0,-103,-7,71.4,95
9,600,22,29.91,-103,-9,71.4,95
9,600,25,19.36,-104,-15,71.4,95
9,600,27,22.39,-104,-13,71.4,95
9,600,29,31.52,-104,-12,71.4,95
12,50,0,17.77,-71,4,100.0,95
12,50,1,32.85,-71,5,100.0,95
12,50,2,35.92,-75,6,100.0,95
12,50,3,24.71,-70,4,100.0,95
12,50,4,30.91,-72,5,100.0,95
12,50,5,24.71,-70,4,100.0,95
12,50,6,30.45,-69,5,100.0,95
12,50,7,23.33,-74,5,100.0,95
12,50,8,26.39,-74,4,100.0,95
12,50,9,18.73,-74,5,100.0,95
12,50,10,20.09,-70,5,100.0,95
12,50,11,31.22,-75,5,100.0,95
12,50,12,18.11,-75,4,100.0,95
12,50,13,16.56,-71,5,100.0,95
12,50,14,24.58,-68,5,100.0,95
12,50,15,32.21,-70,4,100.0,95
12,50,16,18.88,-67,6,100.0,95
12,50,17,19.58,-72,6,100.0,95
12,50,18,32.9,-71,5,100.0,95
12,50,19,28.48,-68,4,100.0,95
12,50,20,21.93,-76,4,100.0,95
12,50,21,20.31,-73,4,100.0,95
12,50,22,21.0,-71,4,100.0,95
12,50,23,25.02,-66,5,100.0,95
12,50,24,29.73,-71,5,100.0,95
12,50,25,17.55,-77,4,100.0,95
12,50,26,24.18,-70,5,100.0,95
12,50,27,33.53,-76,4,100.0,95
12,50,28,26.2,-80,4,100.0,95
12,50,29,31.97,-81,5,100.0,95
12,100,0,22.4,-84,4,100.0,95
12,100,1,29.97,-86,4,100.0,95
12,100,2,33.64,-86,4,100.0,95
12,100,3,32.01,-86,4,100.0,95
12,100,4,23.62,-86,4,100.0,95
12,100,5,23.91,-87,4,100.0,95
12,100,6,26.67,-86,5,100.0,95
12,100,7,33.68,-84,4,100.0,95
12,100,8,21.88,-85,4,100.0,95
12,100,9,34.19,-84,4,100.0,95
12,100,10,23.96,-84,4,100.0,95
12,100,11,24.58,-86,4,100.0,95
12,100,12,35.4,-86,5,100.0,95
12,100,13,21.14,-85,4,100.0,95
12,100,14,27.87,-85,5,100.0,95
12,100,15,26.91,-84,4,100.0,95
12,100,16,15.84,-85,4,100.0,95
12,100,17,25.71,-86,4,100.0,95
12,100,18,26.24,-86,5,100.0,95
12,100,19,17.99,-83,4,100.0,95
12,100,20,28.98,-82,5,100.0,95
12,100,21,22.19,-86,4,100.0,95
12,100,22,23.46,-83,4,100.0,95
12,100,23,18.7,-85,3,100.0,95
12,100,24,21.25,-90,3,100.0,95
12,100,25,32.88,-82,5,100.0,95
12,100,26,15.03,-82,4,100.0,95
12,100,27,34.37,-86,4,100.0,95
12,100,28,24.77,-87,5,100.0,95
12,100,29,33.8,-81,4,100.0,95
12,300,0,28.67,-93,3,100.0,95
12,300,1,30.25,-106,-10,100.0,95
12,300,2,22.67,-96,2,100.0,95
12,300,3,22.89,-95,3,100.0,95
12,300,4,32.73,-95,3,100.0,95
12,300,5,20.03,-94,4,100.0,95
12,300,6,34.24,-96,3,100.0,95
12,300,7,28.5,-103,-2,100.0,95
12,300,8,30.89,-97,3,100.0,95
12,300,9,24.27,-98,3,100.0,95
12,300,10,16.21,-102,0,100.0,95
12,300,11,22.35,-103,0,100.0,95
12,300,12,21.83,-104,-9,100.0,95
12,300,13,32.98,-97,3,100.0,95
12,300,14,21.3,-94,3,100.0,95
12,300,15,16.51,-98,4,100.0,95
12,300,16,21.93,-92,3,100.0,95
12,300,17,18.94,-96,3,100.0,95
12,300,18,18.57,-95,4,100.0,95
12,300,19,33.49,-94,3,100.0,95
12,300,20,30.4,-94,3,100.0,95
12,300,21,18.43,-101,1,100.0,95
12,300,22,34.05,-95,3,100.0,95
12,300,23,25.85,-98,4,100.0,95
12,300,24,22.7,-93,4,100.0,95
12,300,25,17.74,-94,3,100.0,95
12,300,26,17.81,-92,4,100.0,95
12,300,27,32.69,-95,4,100.0,95
12,300,28,27.63,-95,4,100.0,95
12,300,29,30.14,-95,3,100.0,95
12,600,0,28.67,-98,2,93.1,95
12,600,1,30.25,-102,-4,93.1,95
12,600,2,22.67,-98,2,93.1,95
12,600,3,22.89,-104,-12,93.1,95
12,600,4,32.73,-99,-17,93.1,95
12,600,5,20.03,-104,-9,93.1,95
12,600,6,34.24,-102,-17,93.1,95
12,600,7,28.5,-104,-16,93.1,95
12,600,8,30.89,-102,-2,93.1,95
12,600,9,24.27,-104,-14,93.1,95
12,600,11,22.35,-104,-13,93.1,95
12,600,13,32.98,-104,-16,93.1,95
12,600,14,21.3,-104,-13,93.1,95
12,600,15,16.51,-104,-20,93.1,95
12,600,16,21.93,-104,-15,93.1,95
12,600,17,18.94,-102,-14,93.1,95
12,600,18,18.57,-104,-8,93.1,95
12,600,19,33.49,-95,-5,93.1,95
12,600,20,30.4,-103,-6,93.1,95
12,600,21,18.43,-104,-6,93.1,95
12,600,22,34.05,-104,-14,93.1,95
12,600,23,25.85,-101,-2,93.1,95
12,600,24,22.7,-90,-4,93.1,95
12,600,25,17.74,-103,-7,93.1,95
12,600,26,17.81,-104,-7,93.1,95
12,600,27,32.69,-100,-17,93.1,95
12,600,28,27.63,-104,-12,93.1,95
